Workbook

Sheet pf_rmse_w15
A1: 0.40807557 | B1: 0.68541762 | C1: 0.64078232
A2: 0.38946105 | B2: 0.67918915 | C2: 0.55734343
A3: 0.42414422 | B3: 0.7075775 | C3: 0.6751247

Sheet pf_spread_w15
A1: 0.39989028 | B1: 0.65948399 | C1: 0.63723255
A2: 0.40066861 | B2: 0.66008128 | C2: 0.64295359
A3: 0.40409703 | B3: 0.67326519 | C3: 0.63935461

Sheet pf_cbr
A1: =pf_spread_w15!A1/pf_rmse_w15!A1 -> 0.97994173 | B1: =pf_spread_w15!B1/pf_rmse_w15!B1 -> 0.96216375 | C1: =pf_spread_w15!C1/pf_rmse_w15!C1 -> 0.99446025 | E1: =AVERAGE(A1:C1) -> 0.97885524
A2: =pf_spread_w15!A2/pf_rmse_w15!A2 -> 1.0287771 | B2: =pf_spread_w15!B2/pf_rmse_w15!B2 -> 0.97186665 | C2: =pf_spread_w15!C2/pf_rmse_w15!C2 -> 1.153604 | E2: =AVERAGE(A2:C2) -> 1.0514159 | F2: =AVERAGE(E1:E3) -> 0.99356365 | G2: =_xlfn.STDEV.S(E1:E3) -> 0.052079809
A3: =pf_spread_w15!A3/pf_rmse_w15!A3 -> 0.95273496 | B3: =pf_spread_w15!B3/pf_rmse_w15!B3 -> 0.95150735 | C3: =pf_spread_w15!C3/pf_rmse_w15!C3 -> 0.94701706 | E3: =AVERAGE(A3:C3) -> 0.95041979

Sheet enkf_rmse_w15
A1: 0.61169998 | B1: 0.98583796 | C1: 0.97542463
A2: 0.7283271 | B2: 1.2467024 | C2: 1.1047596
A3: 0.6646127 | B3: 1.0671855 | C3: 1.0131542

Sheet enkf_spread_w15
A1: 0.64498038 | B1: 1.041685 | C1: 0.96771141
A2: 0.63876087 | B2: 1.0300576 | C2: 0.96529683
A3: 0.64975102 | B3: 1.0557534 | C3: 0.96639258

Sheet enkf_cbr
A1: =enkf_spread_w15!A1/enkf_rmse_w15!A1 -> 1.0544064 | B1: =enkf_spread_w15!B1/enkf_rmse_w15!B1 -> 1.0566493 | C1: =enkf_spread_w15!C1/enkf_rmse_w15!C1 -> 0.99209245 | E1: =AVERAGE(A1:C1) -> 1.0343827
A2: =enkf_spread_w15!A2/enkf_rmse_w15!A2 -> 0.87702472 | B2: =enkf_spread_w15!B2/enkf_rmse_w15!B2 -> 0.82622569 | C2: =enkf_spread_w15!C2/enkf_rmse_w15!C2 -> 0.87376188 | E2: =AVERAGE(A2:C2) -> 0.8590041 | F2: =AVERAGE(E1:E3) -> 0.95565913 | G2: =_xlfn.STDEV.S(E1:E3) -> 0.089053738
A3: =enkf_spread_w15!A3/enkf_rmse_w15!A3 -> 0.97763858 | B3: =enkf_spread_w15!B3/enkf_rmse_w15!B3 -> 0.98928762 | C3: =enkf_spread_w15!C3/enkf_rmse_w15!C3 -> 0.95384554 | E3: =AVERAGE(A3:C3) -> 0.97359058

Sheet enkf_excess_w15
A1: 49.898703 | B1: 43.830262 | C1: 52.224024 | E1: =AVERAGE(A1:C1) -> 48.650997
A2: 87.008974 | B2: 83.557474 | C2: 98.218825 | E2: =AVERAGE(A2:C2) -> 89.595091 | F2: =AVERAGE(E1:E3) -> 63.59165
A3: 56.694979 | B3: 50.822419 | C3: 50.069188 | E3: =AVERAGE(A3:C3) -> 52.528862
E6: =_xlfn.STDEV.S(E1:E3) -> 22.602957
